Segment,Month 1,Month 2,Month 3,Growth (%)
Furniture,19396.23,33861.645,33282.29,71.59153
West,21311.453,22990.818,27330.396,28.242764
East,22061.281,23765.283,24583.41,11.432377
Office Supplies,24340.361,24588.992,26075.678,7.129378
Technology,27316.523,26387.646,23605.725,-13.584449
