Model,MAE,RMSE,MAPE,Forecast Month 1,Forecast Month 2,Forecast Month 3,Rank
XGBoost,14356.680729166668,18279.344960822196,13.85060532437111,71752.765625,87598.9296875,75994.9375,1.0
Prophet,20250.794427610937,22318.41136551923,21.864628287701436,51318.94381151383,90325.65473580032,90041.08443014696,2.0
SARIMA,20581.00014223503,22191.26609266294,21.935472982348106,54758.511838385064,88412.59554883285,92558.21041392299,3.0
